epoch,training_loss,eval_loss,rouge1,rouge2,rougeL,rougeLsum
1,1.5084,1.345703,42.4435,21.0824,30.4411,30.4404
2,1.4127,1.339384,43.1906,21.7931,31.1315,31.1415
3,1.3555,1.338829,42.7127,21.2382,30.7382,30.714
4,1.317,1.337943,42.979,21.5294,31.1943,31.1745
5,1.2866,1.341991,43.0642,21.4956,31.0607,31.0782
6,1.2671,1.34488,42.898,21.3251,30.9993,30.9853
